state_code,state_abbr,state_name,income_band_order,income_band_key,income_band,lower_weekly,upper_weekly,family_households,non_family_households,households,households_stated_total,households_all_total,share_of_stated,share_of_all,partial_income_stated,all_incomes_not_stated
1,NSW,New South Wales,1,negative_nil,Negative/Nil income,,0,24741,31541,56276,2717937,2900468,0.020705410022380945,0.01940238609769182,130829,51710
1,NSW,New South Wales,2,1_149,$1-$149,1,149,8469,10347,18812,2717937,2900468,0.006921426066902949,0.006485849869745158,130829,51710
1,NSW,New South Wales,3,150_299,$150-$299,150,299,9007,25635,34642,2717937,2900468,0.012745696460219644,0.011943589793095458,130829,51710
1,NSW,New South Wales,4,300_399,$300-$399,300,399,10532,53244,63777,2717937,2900468,0.02346522380761585,0.021988520473247765,130829,51710
1,NSW,New South Wales,5,400_499,$400-$499,400,499,32590,124554,157146,2717937,2900468,0.05781811719697697,0.0541795324064944,130829,51710
1,NSW,New South Wales,6,500_649,$500-$649,500,649,35952,77249,113199,2717937,2900468,0.04164886824087534,0.03902783964518829,130829,51710
1,NSW,New South Wales,7,650_799,$650-$799,650,799,110483,52436,162918,2717937,2900468,0.059941786730155995,0.056169556085431734,130829,51710
1,NSW,New South Wales,8,800_999,$800-$999,800,999,98106,65351,163453,2717937,2900468,0.06013862720143991,0.05635400907715583,130829,51710
1,NSW,New South Wales,9,1000_1249,"$1,000-$1,249",1000,1249,120246,70224,190478,2717937,2900468,0.07008183044713692,0.0656714709488262,130829,51710
1,NSW,New South Wales,10,1250_1499,"$1,250-$1,499",1250,1499,141421,55033,196453,2717937,2900468,0.07228018898156947,0.06773148333303453,130829,51710
1,NSW,New South Wales,11,1500_1749,"$1,500-$1,749",1500,1749,106178,47451,153624,2717937,2900468,0.05652228142153405,0.05296524560863971,130829,51710
1,NSW,New South Wales,12,1750_1999,"$1,750-$1,999",1750,1999,113463,38935,152396,2717937,2900468,0.05607046815286741,0.05254186565754216,130829,51710
1,NSW,New South Wales,13,2000_2499,"$2,000-$2,499",2000,2499,250646,70120,320769,2717937,2900468,0.11801929183789028,0.11059215271466535,130829,51710
1,NSW,New South Wales,14,2500_2999,"$2,500-$2,999",2500,2999,192965,10539,203506,2717937,2900468,0.07487517186748625,0.07016315987626824,130829,51710
1,NSW,New South Wales,15,3000_3499,"$3,000-$3,499",3000,3499,166284,19701,185988,2717937,2900468,0.0684298421928102,0.06412344490613239,130829,51710
1,NSW,New South Wales,16,3500_3999,"$3,500-$3,999",3500,3999,114275,5042,119317,2717937,2900468,0.04389984020968845,0.04113715441783878,130829,51710
1,NSW,New South Wales,17,4000_more,"$4,000 or more",4000,,389770,35408,425183,2717937,2900468,0.1564359291624493,0.14659117080415987,130829,51710
2,VIC,Victoria,1,negative_nil,Negative/Nil income,,0,20844,27871,48714,2242085,2390232,0.02172709776837185,0.02038044842509012,105011,43142
2,VIC,Victoria,2,1_149,$1-$149,1,149,7584,8948,16534,2242085,2390232,0.007374385895271588,0.006917320159716714,105011,43142
2,VIC,Victoria,3,150_299,$150-$299,150,299,8244,21074,29323,2242085,2390232,0.013078451530606557,0.01226784680315551,105011,43142
2,VIC,Victoria,4,300_399,$300-$399,300,399,8858,42045,50903,2242085,2390232,0.02270342114594228,0.021296259107902497,105011,43142
2,VIC,Victoria,5,400_499,$400-$499,400,499,26956,100982,127941,2242085,2390232,0.05706340303779741,0.0535266032753306,105011,43142
2,VIC,Victoria,6,500_649,$500-$649,500,649,29537,63690,93226,2242085,2390232,0.04158004714361855,0.03900290850427908,105011,43142
2,VIC,Victoria,7,650_799,$650-$799,650,799,88310,46107,134416,2242085,2390232,0.05995133993581867,0.05623554533618494,105011,43142
2,VIC,Victoria,8,800_999,$800-$999,800,999,83047,58034,141081,2242085,2390232,0.06292401938374326,0.05902397758878636,105011,43142
2,VIC,Victoria,9,1000_1249,"$1,000-$1,249",1000,1249,101505,63393,164898,2242085,2390232,0.07354672102083552,0.06898828230899762,105011,43142
2,VIC,Victoria,10,1250_1499,"$1,250-$1,499",1250,1499,119946,51629,171575,2242085,2390232,0.07652475262980662,0.07178173499476201,105011,43142
2,VIC,Victoria,11,1500_1749,"$1,500-$1,749",1500,1749,92033,45650,137681,2242085,2390232,0.06140757375389425,0.05760152152594392,105011,43142
2,VIC,Victoria,12,1750_1999,"$1,750-$1,999",1750,1999,97782,35692,133479,2242085,2390232,0.0595334253607691,0.05584353318004277,105011,43142
2,VIC,Victoria,13,2000_2499,"$2,000-$2,499",2000,2499,214831,59943,274771,2242085,2390232,0.12255155357624711,0.11495578671861141,105011,43142
2,VIC,Victoria,14,2500_2999,"$2,500-$2,999",2500,2999,166290,9150,175438,2242085,2390232,0.07824770247336742,0.07339789610380917,105011,43142
2,VIC,Victoria,15,3000_3499,"$3,000-$3,499",3000,3499,136741,15737,152480,2242085,2390232,0.0680081263645223,0.06379297072418075,105011,43142
2,VIC,Victoria,16,3500_3999,"$3,500-$3,999",3500,3999,90148,4185,94330,2242085,2390232,0.04207244595989893,0.039464788355272624,105011,43142
2,VIC,Victoria,17,4000_more,"$4,000 or more",4000,,270105,25198,295295,2242085,2390232,0.13170553301948856,0.12354240090501675,105011,43142
3,QLD,Queensland,1,negative_nil,Negative/Nil income,,0,13167,17115,30277,1727298,1869462,0.017528533003569737,0.016195568564645872,108865,33298
3,QLD,Queensland,2,1_149,$1-$149,1,149,5483,6130,11615,1727298,1869462,0.006724375295982511,0.006213017434962572,108865,33298
3,QLD,Queensland,3,150_299,$150-$299,150,299,5669,15400,21073,1727298,1869462,0.012199979389775245,0.011272226982950174,108865,33298
3,QLD,Queensland,4,300_399,$300-$399,300,399,6543,32216,38761,1727298,1869462,0.022440250611070005,0.020733772604096794,108865,33298
3,QLD,Queensland,5,400_499,$400-$499,400,499,21029,80026,101054,1727298,1869462,0.05850409136118956,0.05405512388056029,108865,33298
3,QLD,Queensland,6,500_649,$500-$649,500,649,25089,56089,81177,1727298,1869462,0.04699652289298083,0.04342265314833894,108865,33298
3,QLD,Queensland,7,650_799,$650-$799,650,799,77382,36262,113642,1727298,1869462,0.0657917742045669,0.06078861191080642,108865,33298
3,QLD,Queensland,8,800_999,$800-$999,800,999,70711,46900,117610,1727298,1869462,0.06808900375036618,0.06291114769917762,108865,33298
3,QLD,Queensland,9,1000_1249,"$1,000-$1,249",1000,1249,84997,49608,134603,1727298,1869462,0.07792691243780749,0.07200092860940742,108865,33298
3,QLD,Queensland,10,1250_1499,"$1,250-$1,499",1250,1499,99157,39311,138463,1727298,1869462,0.08016161658266263,0.0740656937664419,108865,33298
3,QLD,Queensland,11,1500_1749,"$1,500-$1,749",1500,1749,74864,32281,107145,1727298,1869462,0.06203040818665916,0.057313280505300455,108865,33298
3,QLD,Queensland,12,1750_1999,"$1,750-$1,999",1750,1999,79804,25229,105029,1727298,1869462,0.06080537347927225,0.05618140406170331,108865,33298
3,QLD,Queensland,13,2000_2499,"$2,000-$2,499",2000,2499,172313,40807,213112,1727298,1869462,0.12337882635190917,0.11399643319842821,108865,33298
3,QLD,Queensland,14,2500_2999,"$2,500-$2,999",2500,2999,128428,7115,135544,1727298,1869462,0.07847169394047813,0.07250428198059121,108865,33298
3,QLD,Queensland,15,3000_3499,"$3,000-$3,499",3000,3499,103446,10230,113678,1727298,1869462,0.06581261600488161,0.06080786878791866,108865,33298
3,QLD,Queensland,16,3500_3999,"$3,500-$3,999",3500,3999,67387,2524,69909,1727298,1869462,0.040473039394476225,0.03739525061220822,108865,33298
3,QLD,Queensland,17,4000_more,"$4,000 or more",4000,,180177,14428,194606,1727298,1869462,0.11266498311235236,0.10409732853623128,108865,33298
4,SA,South Australia,1,negative_nil,Negative/Nil income,,0,4153,6245,10397,645125,691313,0.016116256539430343,0.015039497304404806,34386,11808
4,SA,South Australia,2,1_149,$1-$149,1,149,1867,2596,4467,645125,691313,0.006924239488471227,0.006461617241394275,34386,11808
4,SA,South Australia,3,150_299,$150-$299,150,299,2064,7783,9848,645125,691313,0.015265258670800233,0.014245356300257625,34386,11808
4,SA,South Australia,4,300_399,$300-$399,300,399,2497,16020,18517,645125,691313,0.028702964541755475,0.026785262247346717,34386,11808
4,SA,South Australia,5,400_499,$400-$499,400,499,8484,40299,48785,645125,691313,0.07562100368145708,0.07056861363810604,34386,11808
4,SA,South Australia,6,500_649,$500-$649,500,649,9922,24588,34506,645125,691313,0.05348730866111219,0.04991371491639822,34386,11808
4,SA,South Australia,7,650_799,$650-$799,650,799,31836,16061,47897,645125,691313,0.07424452625460182,0.0692841014128188,34386,11808
4,SA,South Australia,8,800_999,$800-$999,800,999,29656,19572,49232,645125,691313,0.07631389265646192,0.07121520931907833,34386,11808
4,SA,South Australia,9,1000_1249,"$1,000-$1,249",1000,1249,34316,20076,54390,645125,691313,0.08430924239488471,0.07867637379884365,34386,11808
4,SA,South Australia,10,1250_1499,"$1,250-$1,499",1250,1499,39214,14904,54119,645125,691313,0.08388916876574307,0.07828436612648684,34386,11808
4,SA,South Australia,11,1500_1749,"$1,500-$1,749",1500,1749,28063,11862,39928,645125,691313,0.06189188141832978,0.05775676140908677,34386,11808
4,SA,South Australia,12,1750_1999,"$1,750-$1,999",1750,1999,29480,8526,37998,645125,691313,0.058900213136988955,0.054964972450973724,34386,11808
4,SA,South Australia,13,2000_2499,"$2,000-$2,499",2000,2499,61476,12497,73973,645125,691313,0.11466459988374346,0.10700362932564554,34386,11808
4,SA,South Australia,14,2500_2999,"$2,500-$2,999",2500,2999,45048,2018,47068,645125,691313,0.07295950397209842,0.06808493403132879,34386,11808
4,SA,South Australia,15,3000_3499,"$3,000-$3,499",3000,3499,34106,2742,36850,645125,691313,0.0571207130401085,0.053304364303868146,34386,11808
4,SA,South Australia,16,3500_3999,"$3,500-$3,999",3500,3999,21207,673,21878,645125,691313,0.033912807595427245,0.03164702529823683,34386,11808
4,SA,South Australia,17,4000_more,"$4,000 or more",4000,,51137,4132,55272,645125,691313,0.08567641929858555,0.07995220688747355,34386,11808
5,WA,Western Australia,1,negative_nil,Negative/Nil income,,0,6470,9081,15556,873776,964734,0.017803189833550018,0.016124651976607025,76167,14807
5,WA,Western Australia,2,1_149,$1-$149,1,149,2707,3290,5992,873776,964734,0.006857592792660819,0.00621103848314665,76167,14807
5,WA,Western Australia,3,150_299,$150-$299,150,299,3143,8711,11855,873776,964734,0.013567550493490323,0.012288361351419148,76167,14807
5,WA,Western Australia,4,300_399,$300-$399,300,399,3584,17153,20734,873776,964734,0.02372919375217447,0.021491934564346234,76167,14807
5,WA,Western Australia,5,400_499,$400-$499,400,499,10585,39746,50328,873776,964734,0.057598286059585065,0.052167747793692355,76167,14807
5,WA,Western Australia,6,500_649,$500-$649,500,649,12220,25667,37889,873776,964734,0.04336237204958708,0.0392740382323003,76167,14807
5,WA,Western Australia,7,650_799,$650-$799,650,799,34479,16964,51447,873776,964734,0.05887893464686601,0.05332765301108907,76167,14807
5,WA,Western Australia,8,800_999,$800-$999,800,999,31253,21139,52391,873776,964734,0.05995930307080991,0.05430616107652472,76167,14807
5,WA,Western Australia,9,1000_1249,"$1,000-$1,249",1000,1249,37845,24280,62128,873776,964734,0.07110289135888374,0.06439909861163802,76167,14807
5,WA,Western Australia,10,1250_1499,"$1,250-$1,499",1250,1499,43262,20181,63447,873776,964734,0.07261243156140704,0.06576631485984738,76167,14807
5,WA,Western Australia,11,1500_1749,"$1,500-$1,749",1500,1749,33987,17920,51909,873776,964734,0.05940767427807585,0.05380654149226626,76167,14807
5,WA,Western Australia,12,1750_1999,"$1,750-$1,999",1750,1999,36713,14093,50806,873776,964734,0.05814533702001428,0.05266322115733456,76167,14807
5,WA,Western Australia,13,2000_2499,"$2,000-$2,499",2000,2499,82468,24913,107386,873776,964734,0.12289877497207523,0.11131151177423,76167,14807
5,WA,Western Australia,14,2500_2999,"$2,500-$2,999",2500,2999,65127,2960,68086,873776,964734,0.07792157257695335,0.07057489421954653,76167,14807
5,WA,Western Australia,15,3000_3499,"$3,000-$3,499",3000,3499,57026,6605,63631,873776,964734,0.07282301184743001,0.06595704100819501,76167,14807
5,WA,Western Australia,16,3500_3999,"$3,500-$3,999",3500,3999,36845,1317,38164,873776,964734,0.04367709802054531,0.03955909089966768,76167,14807
5,WA,Western Australia,17,4000_more,"$4,000 or more",4000,,112676,9353,122027,873776,964734,0.13965478566589148,0.1264877157848692,76167,14807
6,TAS,Tasmania,1,negative_nil,Negative/Nil income,,0,1152,1731,2873,202883,218412,0.014160871043902151,0.013154039155357764,11474,4049
6,TAS,Tasmania,2,1_149,$1-$149,1,149,599,755,1353,202883,218412,0.0066688682639748035,0.006194714576122191,11474,4049
6,TAS,Tasmania,3,150_299,$150-$299,150,299,661,2410,3069,202883,218412,0.015126945086576993,0.01405142574583814,11474,4049
6,TAS,Tasmania,4,300_399,$300-$399,300,399,917,5166,6089,202883,218412,0.030012371662485274,0.027878504844056188,11474,4049
6,TAS,Tasmania,5,400_499,$400-$499,400,499,3110,14394,17504,202883,218412,0.08627632674990018,0.0801421167335128,11474,4049
6,TAS,Tasmania,6,500_649,$500-$649,500,649,3678,8295,11974,202883,218412,0.05901923768871714,0.05482299507353076,11474,4049
6,TAS,Tasmania,7,650_799,$650-$799,650,799,11718,5326,17043,202883,218412,0.08400408116993538,0.07803142684467887,11474,4049
6,TAS,Tasmania,8,800_999,$800-$999,800,999,10042,6293,16338,202883,218412,0.08052917198582434,0.0748035822207571,11474,4049
6,TAS,Tasmania,9,1000_1249,"$1,000-$1,249",1000,1249,11349,6298,17653,202883,218412,0.08701074018030096,0.0808243136823984,11474,4049
6,TAS,Tasmania,10,1250_1499,"$1,250-$1,499",1250,1499,13174,4223,17400,202883,218412,0.08576371603337885,0.0796659524201967,11474,4049
6,TAS,Tasmania,11,1500_1749,"$1,500-$1,749",1500,1749,9254,3623,12874,202883,218412,0.0634552919663057,0.05894364778492024,11474,4049
6,TAS,Tasmania,12,1750_1999,"$1,750-$1,999",1750,1999,9382,2581,11964,202883,218412,0.058969948196743935,0.05477721004340421,11474,4049
6,TAS,Tasmania,13,2000_2499,"$2,000-$2,499",2000,2499,18976,3407,22380,202883,218412,0.11030988303603555,0.1024668974232185,11474,4049
6,TAS,Tasmania,14,2500_2999,"$2,500-$2,999",2500,2999,13307,605,13907,202883,218412,0.06854689648713791,0.06367324139699283,11474,4049
6,TAS,Tasmania,15,3000_3499,"$3,000-$3,499",3000,3499,9664,786,10445,202883,218412,0.05148287436601391,0.04782246396718129,11474,4049
6,TAS,Tasmania,16,3500_3999,"$3,500-$3,999",3500,3999,5916,217,6130,202883,218412,0.030214458579575422,0.028066223467575042,11474,4049
6,TAS,Tasmania,17,4000_more,"$4,000 or more",4000,,12714,1169,13887,202883,218412,0.0684483175031915,0.06358167133673974,11474,4049
7,NT,Northern Territory,1,negative_nil,Negative/Nil income,,0,272,494,766,62876,70660,0.01218270882371652,0.010840645343900368,6497,1283
7,NT,Northern Territory,2,1_149,$1-$149,1,149,233,187,423,62876,70660,0.006727527196386539,0.005986413812623832,6497,1283
7,NT,Northern Territory,3,150_299,$150-$299,150,299,417,537,956,62876,70660,0.015204529550225842,0.013529578262100198,6497,1283
7,NT,Northern Territory,4,300_399,$300-$399,300,399,361,983,1341,62876,70660,0.021327692601310518,0.018978205491084064,6497,1283
7,NT,Northern Territory,5,400_499,$400-$499,400,499,962,1557,2521,62876,70660,0.040094789744894714,0.03567789414095669,6497,1283
7,NT,Northern Territory,6,500_649,$500-$649,500,649,809,1003,1813,62876,70660,0.028834531458744195,0.025658080951033117,6497,1283
7,NT,Northern Territory,7,650_799,$650-$799,650,799,1718,942,2662,62876,70660,0.042337298810356895,0.037673365411831305,6497,1283
7,NT,Northern Territory,8,800_999,$800-$999,800,999,1755,1426,3181,62876,70660,0.0505916406896113,0.045018397962071896,6497,1283
7,NT,Northern Territory,9,1000_1249,"$1,000-$1,249",1000,1249,2303,1850,4155,62876,70660,0.06608244799287487,0.05880271723747523,6497,1283
7,NT,Northern Territory,10,1250_1499,"$1,250-$1,499",1250,1499,2726,1814,4537,62876,70660,0.07215789808511992,0.06420888763090858,6497,1283
7,NT,Northern Territory,11,1500_1749,"$1,500-$1,749",1500,1749,2276,1757,4029,62876,70660,0.0640785037216108,0.05701953014435324,6497,1283
7,NT,Northern Territory,12,1750_1999,"$1,750-$1,999",1750,1999,2489,1474,3962,62876,70660,0.06301291430752592,0.05607132748372488,6497,1283
7,NT,Northern Territory,13,2000_2499,"$2,000-$2,499",2000,2499,6203,2711,8910,62876,70660,0.1417074877536739,0.1260968015850552,6497,1283
7,NT,Northern Territory,14,2500_2999,"$2,500-$2,999",2500,2999,5131,398,5528,62876,70660,0.08791907882180801,0.07823379564109821,6497,1283
7,NT,Northern Territory,15,3000_3499,"$3,000-$3,499",3000,3499,4548,644,5193,62876,70660,0.08259113175138368,0.0734927823379564,6497,1283
7,NT,Northern Territory,16,3500_3999,"$3,500-$3,999",3500,3999,3314,220,3535,62876,70660,0.056221769832686556,0.050028304557033686,6497,1283
7,NT,Northern Territory,17,4000_more,"$4,000 or more",4000,,8387,976,9364,62876,70660,0.14892804885806984,0.1325219360317011,6497,1283
8,ACT,Australian Capital Territory,1,negative_nil,Negative/Nil income,,0,542,1016,1560,159951,168400,0.009752986852223493,0.009263657957244655,7136,1293
8,ACT,Australian Capital Territory,2,1_149,$1-$149,1,149,239,375,612,159951,168400,0.0038261717651030627,0.003634204275534442,7136,1293
8,ACT,Australian Capital Territory,3,150_299,$150-$299,150,299,248,951,1198,159951,168400,0.007489793749335734,0.0071140142517814725,7136,1293
8,ACT,Australian Capital Territory,4,300_399,$300-$399,300,399,319,1881,2195,159951,168400,0.013722952654250364,0.013034441805225653,7136,1293
8,ACT,Australian Capital Territory,5,400_499,$400-$499,400,499,855,4175,5022,159951,168400,0.03139711536658102,0.02982185273159145,7136,1293
8,ACT,Australian Capital Territory,6,500_649,$500-$649,500,649,1096,2726,3818,159951,168400,0.023869810129352114,0.022672209026128265,7136,1293
8,ACT,Australian Capital Territory,7,650_799,$650-$799,650,799,2531,2657,5190,159951,168400,0.0324474370275897,0.030819477434679336,7136,1293
8,ACT,Australian Capital Territory,8,800_999,$800-$999,800,999,2737,3318,6055,159951,168400,0.03785534319885465,0.03595605700712589,7136,1293
8,ACT,Australian Capital Territory,9,1000_1249,"$1,000-$1,249",1000,1249,4041,4107,8147,159951,168400,0.050934348644272306,0.048378859857482186,7136,1293
8,ACT,Australian Capital Territory,10,1250_1499,"$1,250-$1,499",1250,1499,5688,4349,10036,159951,168400,0.06274421541597114,0.059596199524940614,7136,1293
8,ACT,Australian Capital Territory,11,1500_1749,"$1,500-$1,749",1500,1749,5113,4773,9881,159951,168400,0.06177516864539765,0.05867577197149644,7136,1293
8,ACT,Australian Capital Territory,12,1750_1999,"$1,750-$1,999",1750,1999,5486,4131,9613,159951,168400,0.060099655519502845,0.057084323040380046,7136,1293
8,ACT,Australian Capital Territory,13,2000_2499,"$2,000-$2,499",2000,2499,14033,8230,22261,159951,168400,0.13917387199829948,0.13219121140142517,7136,1293
8,ACT,Australian Capital Territory,14,2500_2999,"$2,500-$2,999",2500,2999,12128,968,13098,159951,168400,0.08188757807078417,0.0777790973871734,7136,1293
8,ACT,Australian Capital Territory,15,3000_3499,"$3,000-$3,499",3000,3499,12033,1954,13983,159951,168400,0.08742052253502636,0.08303444180522565,7136,1293
8,ACT,Australian Capital Territory,16,3500_3999,"$3,500-$3,999",3500,3999,9814,574,10390,159951,168400,0.064957393201668,0.06169833729216152,7136,1293
8,ACT,Australian Capital Territory,17,4000_more,"$4,000 or more",4000,,33714,3176,36892,159951,168400,0.2306456352257879,0.21907363420427553,7136,1293
9,OT,Other Territories,1,negative_nil,Negative/Nil income,,0,8,16,22,1390,1533,0.015827338129496403,0.014350945857795172,101,46
9,OT,Other Territories,2,1_149,$1-$149,1,149,7,12,16,1390,1533,0.011510791366906475,0.010437051532941943,101,46
9,OT,Other Territories,3,150_299,$150-$299,150,299,6,14,18,1390,1533,0.012949640287769784,0.011741682974559686,101,46
9,OT,Other Territories,4,300_399,$300-$399,300,399,12,36,43,1390,1533,0.03093525179856115,0.028049575994781473,101,46
9,OT,Other Territories,5,400_499,$400-$499,400,499,20,80,99,1390,1533,0.07122302158273382,0.06457925636007827,101,46
9,OT,Other Territories,6,500_649,$500-$649,500,649,21,45,67,1390,1533,0.04820143884892086,0.04370515329419439,101,46
9,OT,Other Territories,7,650_799,$650-$799,650,799,50,46,94,1390,1533,0.06762589928057554,0.06131767775603392,101,46
9,OT,Other Territories,8,800_999,$800-$999,800,999,55,51,103,1390,1533,0.07410071942446043,0.06718851924331376,101,46
9,OT,Other Territories,9,1000_1249,"$1,000-$1,249",1000,1249,64,52,116,1390,1533,0.08345323741007195,0.07566862361382909,101,46
9,OT,Other Territories,10,1250_1499,"$1,250-$1,499",1250,1499,72,39,118,1390,1533,0.08489208633093526,0.07697325505544683,101,46
9,OT,Other Territories,11,1500_1749,"$1,500-$1,749",1500,1749,63,31,91,1390,1533,0.06546762589928058,0.0593607305936073,101,46
9,OT,Other Territories,12,1750_1999,"$1,750-$1,999",1750,1999,72,36,101,1390,1533,0.07266187050359713,0.06588388780169602,101,46
9,OT,Other Territories,13,2000_2499,"$2,000-$2,499",2000,2499,127,30,157,1390,1533,0.11294964028776978,0.10241356816699282,101,46
9,OT,Other Territories,14,2500_2999,"$2,500-$2,999",2500,2999,97,0,98,1390,1533,0.07050359712230216,0.0639269406392694,101,46
9,OT,Other Territories,15,3000_3499,"$3,000-$3,499",3000,3499,75,14,88,1390,1533,0.06330935251798561,0.05740378343118069,101,46
9,OT,Other Territories,16,3500_3999,"$3,500-$3,999",3500,3999,57,0,54,1390,1533,0.03884892086330935,0.03522504892367906,101,46
9,OT,Other Territories,17,4000_more,"$4,000 or more",4000,,94,9,105,1390,1533,0.07553956834532374,0.0684931506849315,101,46
