year,family_group,family_group_label,children_count,children_label,income_band_order,income_band_key,income_band,families,families_stated_total,share_within_child_group,aggregation_note
2011,couple,Couple families with children,1,1 child,1,negative_nil,Negative/Nil income,4672,781521,0.005978086321416827,Summed from SA2 Census cells; small differences from published national totals can occur because Census cells are perturbed.
2011,couple,Couple families with children,2,2 children,1,negative_nil,Negative/Nil income,3698,914108,0.004045473838977451,Summed from SA2 Census cells; small differences from published national totals can occur because Census cells are perturbed.
2011,couple,Couple families with children,3,3 children,1,negative_nil,Negative/Nil income,1063,347658,0.003057602586449902,Summed from SA2 Census cells; small differences from published national totals can occur because Census cells are perturbed.
2011,couple,Couple families with children,4m,4+ children,1,negative_nil,Negative/Nil income,0,107134,0.0,Summed from SA2 Census cells; small differences from published national totals can occur because Census cells are perturbed.
2011,couple,Couple families with children,1,1 child,2,1_149,$1-$149,1610,781521,0.0020600853975772885,Summed from SA2 Census cells; small differences from published national totals can occur because Census cells are perturbed.
2011,couple,Couple families with children,2,2 children,2,1_149,$1-$149,1261,914108,0.0013794868877638092,Summed from SA2 Census cells; small differences from published national totals can occur because Census cells are perturbed.
2011,couple,Couple families with children,3,3 children,2,1_149,$1-$149,284,347658,0.0008168947643948938,Summed from SA2 Census cells; small differences from published national totals can occur because Census cells are perturbed.
2011,couple,Couple families with children,4m,4+ children,2,1_149,$1-$149,71,107134,0.0006627214516400022,Summed from SA2 Census cells; small differences from published national totals can occur because Census cells are perturbed.
2011,couple,Couple families with children,1,1 child,3,150_299,$150-$299,6331,781521,0.008100869970224729,Summed from SA2 Census cells; small differences from published national totals can occur because Census cells are perturbed.
2011,couple,Couple families with children,2,2 children,3,150_299,$150-$299,4646,914108,0.005082550420738031,Summed from SA2 Census cells; small differences from published national totals can occur because Census cells are perturbed.
2011,couple,Couple families with children,3,3 children,3,150_299,$150-$299,1652,347658,0.004751796305564664,Summed from SA2 Census cells; small differences from published national totals can occur because Census cells are perturbed.
2011,couple,Couple families with children,4m,4+ children,3,150_299,$150-$299,794,107134,0.007411279332424814,Summed from SA2 Census cells; small differences from published national totals can occur because Census cells are perturbed.
2011,couple,Couple families with children,1,1 child,4,300_399,$300-$399,4026,781521,0.005151493050090785,Summed from SA2 Census cells; small differences from published national totals can occur because Census cells are perturbed.
2011,couple,Couple families with children,2,2 children,4,300_399,$300-$399,3523,914108,0.0038540303771545594,Summed from SA2 Census cells; small differences from published national totals can occur because Census cells are perturbed.
2011,couple,Couple families with children,3,3 children,4,300_399,$300-$399,1221,347658,0.0035120722088949484,Summed from SA2 Census cells; small differences from published national totals can occur because Census cells are perturbed.
2011,couple,Couple families with children,4m,4+ children,4,300_399,$300-$399,554,107134,0.005171094143782553,Summed from SA2 Census cells; small differences from published national totals can occur because Census cells are perturbed.
2011,couple,Couple families with children,1,1 child,5,400_499,$400-$499,7223,781521,0.0092422340538514,Summed from SA2 Census cells; small differences from published national totals can occur because Census cells are perturbed.
2011,couple,Couple families with children,2,2 children,5,400_499,$400-$499,5606,914108,0.006132754554166466,Summed from SA2 Census cells; small differences from published national totals can occur because Census cells are perturbed.
2011,couple,Couple families with children,3,3 children,5,400_499,$400-$499,2077,347658,0.00597426206214153,Summed from SA2 Census cells; small differences from published national totals can occur because Census cells are perturbed.
2011,couple,Couple families with children,4m,4+ children,5,400_499,$400-$499,905,107134,0.00844736498217186,Summed from SA2 Census cells; small differences from published national totals can occur because Census cells are perturbed.
2011,couple,Couple families with children,1,1 child,6,500_649,$500-$649,23300,781521,0.029813658238230324,Summed from SA2 Census cells; small differences from published national totals can occur because Census cells are perturbed.
2011,couple,Couple families with children,2,2 children,6,500_649,$500-$649,17826,914108,0.019500978002599256,Summed from SA2 Census cells; small differences from published national totals can occur because Census cells are perturbed.
2011,couple,Couple families with children,3,3 children,6,500_649,$500-$649,7766,347658,0.02233804486017868,Summed from SA2 Census cells; small differences from published national totals can occur because Census cells are perturbed.
2011,couple,Couple families with children,4m,4+ children,6,500_649,$500-$649,4174,107134,0.03896055407246999,Summed from SA2 Census cells; small differences from published national totals can occur because Census cells are perturbed.
2011,couple,Couple families with children,1,1 child,7,650_799,$650-$799,34542,781521,0.044198428449139564,Summed from SA2 Census cells; small differences from published national totals can occur because Census cells are perturbed.
2011,couple,Couple families with children,2,2 children,7,650_799,$650-$799,28497,914108,0.031174653323239706,Summed from SA2 Census cells; small differences from published national totals can occur because Census cells are perturbed.
2011,couple,Couple families with children,3,3 children,7,650_799,$650-$799,11608,347658,0.03338913529963355,Summed from SA2 Census cells; small differences from published national totals can occur because Census cells are perturbed.
2011,couple,Couple families with children,4m,4+ children,7,650_799,$650-$799,5140,107134,0.04797729945675509,Summed from SA2 Census cells; small differences from published national totals can occur because Census cells are perturbed.
2011,couple,Couple families with children,1,1 child,8,800_999,$800-$999,49420,781521,0.06323566481258981,Summed from SA2 Census cells; small differences from published national totals can occur because Census cells are perturbed.
2011,couple,Couple families with children,2,2 children,8,800_999,$800-$999,47665,914108,0.05214372918736079,Summed from SA2 Census cells; small differences from published national totals can occur because Census cells are perturbed.
2011,couple,Couple families with children,3,3 children,8,800_999,$800-$999,19481,347658,0.05603495389146805,Summed from SA2 Census cells; small differences from published national totals can occur because Census cells are perturbed.
2011,couple,Couple families with children,4m,4+ children,8,800_999,$800-$999,8610,107134,0.08036664364254112,Summed from SA2 Census cells; small differences from published national totals can occur because Census cells are perturbed.
2011,couple,Couple families with children,1,1 child,9,1000_1499,"$1,000-$1,499",152164,781521,0.19470238163785747,Summed from SA2 Census cells; small differences from published national totals can occur because Census cells are perturbed.
2011,couple,Couple families with children,2,2 children,9,1000_1499,"$1,000-$1,499",154532,914108,0.1690522345280864,Summed from SA2 Census cells; small differences from published national totals can occur because Census cells are perturbed.
2011,couple,Couple families with children,3,3 children,9,1000_1499,"$1,000-$1,499",63843,347658,0.18363736775796904,Summed from SA2 Census cells; small differences from published national totals can occur because Census cells are perturbed.
2011,couple,Couple families with children,4m,4+ children,9,1000_1499,"$1,000-$1,499",25235,107134,0.23554613848078107,Summed from SA2 Census cells; small differences from published national totals can occur because Census cells are perturbed.
2011,couple,Couple families with children,1,1 child,10,1500_1999,"$1,500-$1,999",137602,781521,0.17606948501703729,Summed from SA2 Census cells; small differences from published national totals can occur because Census cells are perturbed.
2011,couple,Couple families with children,2,2 children,10,1500_1999,"$1,500-$1,999",162217,914108,0.1774593374087088,Summed from SA2 Census cells; small differences from published national totals can occur because Census cells are perturbed.
2011,couple,Couple families with children,3,3 children,10,1500_1999,"$1,500-$1,999",62473,347658,0.17969671343676832,Summed from SA2 Census cells; small differences from published national totals can occur because Census cells are perturbed.
2011,couple,Couple families with children,4m,4+ children,10,1500_1999,"$1,500-$1,999",21591,107134,0.20153266003322942,Summed from SA2 Census cells; small differences from published national totals can occur because Census cells are perturbed.
2011,couple,Couple families with children,1,1 child,11,2000_2499,"$2,000-$2,499",119530,781521,0.15294534631826912,Summed from SA2 Census cells; small differences from published national totals can occur because Census cells are perturbed.
2011,couple,Couple families with children,2,2 children,11,2000_2499,"$2,000-$2,499",137844,914108,0.15079618600865544,Summed from SA2 Census cells; small differences from published national totals can occur because Census cells are perturbed.
2011,couple,Couple families with children,3,3 children,11,2000_2499,"$2,000-$2,499",47165,347658,0.13566493507987734,Summed from SA2 Census cells; small differences from published national totals can occur because Census cells are perturbed.
2011,couple,Couple families with children,4m,4+ children,11,2000_2499,"$2,000-$2,499",14161,107134,0.13218026023484608,Summed from SA2 Census cells; small differences from published national totals can occur because Census cells are perturbed.
2011,couple,Couple families with children,1,1 child,12,2500_2999,"$2,500-$2,999",92501,781521,0.11836022320577438,Summed from SA2 Census cells; small differences from published national totals can occur because Census cells are perturbed.
2011,couple,Couple families with children,2,2 children,12,2500_2999,"$2,500-$2,999",136675,914108,0.14951734368367853,Summed from SA2 Census cells; small differences from published national totals can occur because Census cells are perturbed.
2011,couple,Couple families with children,3,3 children,12,2500_2999,"$2,500-$2,999",52853,347658,0.15202584148789902,Summed from SA2 Census cells; small differences from published national totals can occur because Census cells are perturbed.
2011,couple,Couple families with children,4m,4+ children,12,2500_2999,"$2,500-$2,999",14087,107134,0.13148953646834804,Summed from SA2 Census cells; small differences from published national totals can occur because Census cells are perturbed.
2011,couple,Couple families with children,1,1 child,13,3000_3999,"$3,000-$3,999",99757,781521,0.12764468261249537,Summed from SA2 Census cells; small differences from published national totals can occur because Census cells are perturbed.
2011,couple,Couple families with children,2,2 children,13,3000_3999,"$3,000-$3,999",140122,914108,0.15328823290027,Summed from SA2 Census cells; small differences from published national totals can occur because Census cells are perturbed.
2011,couple,Couple families with children,3,3 children,13,3000_3999,"$3,000-$3,999",49437,347658,0.14220009319503651,Summed from SA2 Census cells; small differences from published national totals can occur because Census cells are perturbed.
2011,couple,Couple families with children,4m,4+ children,13,3000_3999,"$3,000-$3,999",11812,107134,0.11025444770100995,Summed from SA2 Census cells; small differences from published national totals can occur because Census cells are perturbed.
2011,couple,Couple families with children,1,1 child,14,4000more,"$4,000 or more",48843,781521,0.06249736091544565,Summed from SA2 Census cells; small differences from published national totals can occur because Census cells are perturbed.
2011,couple,Couple families with children,2,2 children,14,4000more,"$4,000 or more",69996,914108,0.07657300887860077,Summed from SA2 Census cells; small differences from published national totals can occur because Census cells are perturbed.
2011,couple,Couple families with children,3,3 children,14,4000more,"$4,000 or more",26735,347658,0.07690028706372354,Summed from SA2 Census cells; small differences from published national totals can occur because Census cells are perturbed.
2011,couple,Couple families with children,4m,4+ children,14,4000more,"$4,000 or more",0,107134,0.0,Summed from SA2 Census cells; small differences from published national totals can occur because Census cells are perturbed.
2016,couple,Couple families with children,1,1 child,1,negative_nil,Negative/Nil income,4988,864229,0.005771618402067045,Summed from SA2 Census cells; small differences from published national totals can occur because Census cells are perturbed.
2016,couple,Couple families with children,2,2 children,1,negative_nil,Negative/Nil income,4082,1003469,0.004067888494811499,Summed from SA2 Census cells; small differences from published national totals can occur because Census cells are perturbed.
2016,couple,Couple families with children,3,3 children,1,negative_nil,Negative/Nil income,1201,363402,0.0033048799951568785,Summed from SA2 Census cells; small differences from published national totals can occur because Census cells are perturbed.
2016,couple,Couple families with children,4m,4+ children,1,negative_nil,Negative/Nil income,0,101341,0.0,Summed from SA2 Census cells; small differences from published national totals can occur because Census cells are perturbed.
2016,couple,Couple families with children,1,1 child,2,1_149,$1-$149,1594,864229,0.0018444185511016177,Summed from SA2 Census cells; small differences from published national totals can occur because Census cells are perturbed.
2016,couple,Couple families with children,2,2 children,2,1_149,$1-$149,1214,1003469,0.001209803192724439,Summed from SA2 Census cells; small differences from published national totals can occur because Census cells are perturbed.
2016,couple,Couple families with children,3,3 children,2,1_149,$1-$149,303,363402,0.0008337873759638087,Summed from SA2 Census cells; small differences from published national totals can occur because Census cells are perturbed.
2016,couple,Couple families with children,4m,4+ children,2,1_149,$1-$149,147,101341,0.0014505481493176503,Summed from SA2 Census cells; small differences from published national totals can occur because Census cells are perturbed.
2016,couple,Couple families with children,1,1 child,3,150_299,$150-$299,3589,864229,0.004152834491784006,Summed from SA2 Census cells; small differences from published national totals can occur because Census cells are perturbed.
2016,couple,Couple families with children,2,2 children,3,150_299,$150-$299,2394,1003469,0.002385723923708655,Summed from SA2 Census cells; small differences from published national totals can occur because Census cells are perturbed.
2016,couple,Couple families with children,3,3 children,3,150_299,$150-$299,710,363402,0.001953759197802984,Summed from SA2 Census cells; small differences from published national totals can occur because Census cells are perturbed.
2016,couple,Couple families with children,4m,4+ children,3,150_299,$150-$299,409,101341,0.00403587886442802,Summed from SA2 Census cells; small differences from published national totals can occur because Census cells are perturbed.
2016,couple,Couple families with children,1,1 child,4,300_399,$300-$399,2320,864229,0.0026844736753800207,Summed from SA2 Census cells; small differences from published national totals can occur because Census cells are perturbed.
2016,couple,Couple families with children,2,2 children,4,300_399,$300-$399,1335,1003469,0.001330384894799939,Summed from SA2 Census cells; small differences from published national totals can occur because Census cells are perturbed.
2016,couple,Couple families with children,3,3 children,4,300_399,$300-$399,334,363402,0.0009190923550228122,Summed from SA2 Census cells; small differences from published national totals can occur because Census cells are perturbed.
2016,couple,Couple families with children,4m,4+ children,4,300_399,$300-$399,182,101341,0.0017959167562980433,Summed from SA2 Census cells; small differences from published national totals can occur because Census cells are perturbed.
2016,couple,Couple families with children,1,1 child,5,400_499,$400-$499,9243,864229,0.01069508197480066,Summed from SA2 Census cells; small differences from published national totals can occur because Census cells are perturbed.
2016,couple,Couple families with children,2,2 children,5,400_499,$400-$499,7371,1003469,0.00734551839668191,Summed from SA2 Census cells; small differences from published national totals can occur because Census cells are perturbed.
2016,couple,Couple families with children,3,3 children,5,400_499,$400-$499,3013,363402,0.008291093609831537,Summed from SA2 Census cells; small differences from published national totals can occur because Census cells are perturbed.
2016,couple,Couple families with children,4m,4+ children,5,400_499,$400-$499,1758,101341,0.01734737174490088,Summed from SA2 Census cells; small differences from published national totals can occur because Census cells are perturbed.
2016,couple,Couple families with children,1,1 child,6,500_649,$500-$649,13381,864229,0.01548316476304313,Summed from SA2 Census cells; small differences from published national totals can occur because Census cells are perturbed.
2016,couple,Couple families with children,2,2 children,6,500_649,$500-$649,10806,1003469,0.010768643575436809,Summed from SA2 Census cells; small differences from published national totals can occur because Census cells are perturbed.
2016,couple,Couple families with children,3,3 children,6,500_649,$500-$649,4316,363402,0.011876654503827718,Summed from SA2 Census cells; small differences from published national totals can occur because Census cells are perturbed.
2016,couple,Couple families with children,4m,4+ children,6,500_649,$500-$649,2353,101341,0.02321863806356756,Summed from SA2 Census cells; small differences from published national totals can occur because Census cells are perturbed.
2016,couple,Couple families with children,1,1 child,7,650_799,$650-$799,26244,864229,0.030366951352014337,Summed from SA2 Census cells; small differences from published national totals can occur because Census cells are perturbed.
2016,couple,Couple families with children,2,2 children,7,650_799,$650-$799,19389,1003469,0.01932197207885844,Summed from SA2 Census cells; small differences from published national totals can occur because Census cells are perturbed.
2016,couple,Couple families with children,3,3 children,7,650_799,$650-$799,7829,363402,0.021543634872675438,Summed from SA2 Census cells; small differences from published national totals can occur because Census cells are perturbed.
2016,couple,Couple families with children,4m,4+ children,7,650_799,$650-$799,3743,101341,0.03693470559793174,Summed from SA2 Census cells; small differences from published national totals can occur because Census cells are perturbed.
2016,couple,Couple families with children,1,1 child,8,800_999,$800-$999,40174,864229,0.04648536441151593,Summed from SA2 Census cells; small differences from published national totals can occur because Census cells are perturbed.
2016,couple,Couple families with children,2,2 children,8,800_999,$800-$999,34305,1003469,0.034186407352892814,Summed from SA2 Census cells; small differences from published national totals can occur because Census cells are perturbed.
2016,couple,Couple families with children,3,3 children,8,800_999,$800-$999,13775,363402,0.03790568021089592,Summed from SA2 Census cells; small differences from published national totals can occur because Census cells are perturbed.
2016,couple,Couple families with children,4m,4+ children,8,800_999,$800-$999,6651,101341,0.06562990300075981,Summed from SA2 Census cells; small differences from published national totals can occur because Census cells are perturbed.
2016,couple,Couple families with children,1,1 child,9,1000_1499,"$1,000-$1,499",143054,864229,0.16552788670595409,Summed from SA2 Census cells; small differences from published national totals can occur because Census cells are perturbed.
2016,couple,Couple families with children,2,2 children,9,1000_1499,"$1,000-$1,499",130114,1003469,0.12966419490786463,Summed from SA2 Census cells; small differences from published national totals can occur because Census cells are perturbed.
2016,couple,Couple families with children,3,3 children,9,1000_1499,"$1,000-$1,499",51522,363402,0.14177687519606386,Summed from SA2 Census cells; small differences from published national totals can occur because Census cells are perturbed.
2016,couple,Couple families with children,4m,4+ children,9,1000_1499,"$1,000-$1,499",21634,101341,0.21347726981182344,Summed from SA2 Census cells; small differences from published national totals can occur because Census cells are perturbed.
2016,couple,Couple families with children,1,1 child,10,1500_1999,"$1,500-$1,999",142669,864229,0.16508240292792767,Summed from SA2 Census cells; small differences from published national totals can occur because Census cells are perturbed.
2016,couple,Couple families with children,2,2 children,10,1500_1999,"$1,500-$1,999",155165,1003469,0.15462859340946258,Summed from SA2 Census cells; small differences from published national totals can occur because Census cells are perturbed.
2016,couple,Couple families with children,3,3 children,10,1500_1999,"$1,500-$1,999",57747,363402,0.15890666534581538,Summed from SA2 Census cells; small differences from published national totals can occur because Census cells are perturbed.
2016,couple,Couple families with children,4m,4+ children,10,1500_1999,"$1,500-$1,999",21607,101341,0.2132108426007243,Summed from SA2 Census cells; small differences from published national totals can occur because Census cells are perturbed.
2016,couple,Couple families with children,1,1 child,11,2000_2499,"$2,000-$2,499",146800,864229,0.1698623860111151,Summed from SA2 Census cells; small differences from published national totals can occur because Census cells are perturbed.
2016,couple,Couple families with children,2,2 children,11,2000_2499,"$2,000-$2,499",169867,1003469,0.169279768483132,Summed from SA2 Census cells; small differences from published national totals can occur because Census cells are perturbed.
2016,couple,Couple families with children,3,3 children,11,2000_2499,"$2,000-$2,499",58376,363402,0.16063753088865773,Summed from SA2 Census cells; small differences from published national totals can occur because Census cells are perturbed.
2016,couple,Couple families with children,4m,4+ children,11,2000_2499,"$2,000-$2,499",17844,101341,0.17607878351308948,Summed from SA2 Census cells; small differences from published national totals can occur because Census cells are perturbed.
2016,couple,Couple families with children,1,1 child,12,2500_2999,"$2,500-$2,999",105497,864229,0.1220706548842957,Summed from SA2 Census cells; small differences from published national totals can occur because Census cells are perturbed.
2016,couple,Couple families with children,2,2 children,12,2500_2999,"$2,500-$2,999",132893,1003469,0.1324335878836317,Summed from SA2 Census cells; small differences from published national totals can occur because Census cells are perturbed.
2016,couple,Couple families with children,3,3 children,12,2500_2999,"$2,500-$2,999",44402,363402,0.12218424774767338,Summed from SA2 Census cells; small differences from published national totals can occur because Census cells are perturbed.
2016,couple,Couple families with children,4m,4+ children,12,2500_2999,"$2,500-$2,999",11855,101341,0.11698128102150167,Summed from SA2 Census cells; small differences from published national totals can occur because Census cells are perturbed.
2016,couple,Couple families with children,1,1 child,13,3000_3999,"$3,000-$3,999",120673,864229,0.1396308154435919,Summed from SA2 Census cells; small differences from published national totals can occur because Census cells are perturbed.
2016,couple,Couple families with children,2,2 children,13,3000_3999,"$3,000-$3,999",164019,1003469,0.16345198506381364,Summed from SA2 Census cells; small differences from published national totals can occur because Census cells are perturbed.
2016,couple,Couple families with children,3,3 children,13,3000_3999,"$3,000-$3,999",54894,363402,0.15105585549886902,Summed from SA2 Census cells; small differences from published national totals can occur because Census cells are perturbed.
2016,couple,Couple families with children,4m,4+ children,13,3000_3999,"$3,000-$3,999",13158,101341,0.12983886087565744,Summed from SA2 Census cells; small differences from published national totals can occur because Census cells are perturbed.
2016,couple,Couple families with children,1,1 child,14,4000more,"$4,000 or more",104003,864229,0.12034194640540875,Summed from SA2 Census cells; small differences from published national totals can occur because Census cells are perturbed.
2016,couple,Couple families with children,2,2 children,14,4000more,"$4,000 or more",170515,1003469,0.16992552834218097,Summed from SA2 Census cells; small differences from published national totals can occur because Census cells are perturbed.
2016,couple,Couple families with children,3,3 children,14,4000more,"$4,000 or more",64980,363402,0.17881024320174352,Summed from SA2 Census cells; small differences from published national totals can occur because Census cells are perturbed.
2016,couple,Couple families with children,4m,4+ children,14,4000more,"$4,000 or more",0,101341,0.0,Summed from SA2 Census cells; small differences from published national totals can occur because Census cells are perturbed.
2021,couple,Couple families with children,1,1 child,1,negative_nil,Negative/Nil income,5063,995272,0.005087051579869623,Summed from SA2 Census cells; small differences from published national totals can occur because Census cells are perturbed.
2021,couple,Couple families with children,2,2 children,1,negative_nil,Negative/Nil income,3588,1152489,0.0031132618185509796,Summed from SA2 Census cells; small differences from published national totals can occur because Census cells are perturbed.
2021,couple,Couple families with children,3,3 children,1,negative_nil,Negative/Nil income,1227,397905,0.003083650620122894,Summed from SA2 Census cells; small differences from published national totals can occur because Census cells are perturbed.
2021,couple,Couple families with children,4m,4+ children,1,negative_nil,Negative/Nil income,0,98106,0.0,Summed from SA2 Census cells; small differences from published national totals can occur because Census cells are perturbed.
2021,couple,Couple families with children,1,1 child,2,1_149,$1-$149,892,995272,0.000896237410476734,Summed from SA2 Census cells; small differences from published national totals can occur because Census cells are perturbed.
2021,couple,Couple families with children,2,2 children,2,1_149,$1-$149,580,1152489,0.0005032585994313178,Summed from SA2 Census cells; small differences from published national totals can occur because Census cells are perturbed.
2021,couple,Couple families with children,3,3 children,2,1_149,$1-$149,186,397905,0.00046744826026312813,Summed from SA2 Census cells; small differences from published national totals can occur because Census cells are perturbed.
2021,couple,Couple families with children,4m,4+ children,2,1_149,$1-$149,85,98106,0.0008664098016431208,Summed from SA2 Census cells; small differences from published national totals can occur because Census cells are perturbed.
2021,couple,Couple families with children,1,1 child,3,150_299,$150-$299,1952,995272,0.0019612728982629874,Summed from SA2 Census cells; small differences from published national totals can occur because Census cells are perturbed.
2021,couple,Couple families with children,2,2 children,3,150_299,$150-$299,1140,1152489,0.000989163454054659,Summed from SA2 Census cells; small differences from published national totals can occur because Census cells are perturbed.
2021,couple,Couple families with children,3,3 children,3,150_299,$150-$299,305,397905,0.0007665146203239467,Summed from SA2 Census cells; small differences from published national totals can occur because Census cells are perturbed.
2021,couple,Couple families with children,4m,4+ children,3,150_299,$150-$299,204,98106,0.00207938352394349,Summed from SA2 Census cells; small differences from published national totals can occur because Census cells are perturbed.
2021,couple,Couple families with children,1,1 child,4,300_399,$300-$399,1654,995272,0.0016618572611306257,Summed from SA2 Census cells; small differences from published national totals can occur because Census cells are perturbed.
2021,couple,Couple families with children,2,2 children,4,300_399,$300-$399,944,1152489,0.0008190967549364897,Summed from SA2 Census cells; small differences from published national totals can occur because Census cells are perturbed.
2021,couple,Couple families with children,3,3 children,4,300_399,$300-$399,294,397905,0.0007388698307384928,Summed from SA2 Census cells; small differences from published national totals can occur because Census cells are perturbed.
2021,couple,Couple families with children,4m,4+ children,4,300_399,$300-$399,142,98106,0.0014474140215685076,Summed from SA2 Census cells; small differences from published national totals can occur because Census cells are perturbed.
2021,couple,Couple families with children,1,1 child,5,400_499,$400-$499,5242,995272,0.005266901912241076,Summed from SA2 Census cells; small differences from published national totals can occur because Census cells are perturbed.
2021,couple,Couple families with children,2,2 children,5,400_499,$400-$499,3626,1152489,0.003146233933686135,Summed from SA2 Census cells; small differences from published national totals can occur because Census cells are perturbed.
2021,couple,Couple families with children,3,3 children,5,400_499,$400-$499,1530,397905,0.0038451389150676667,Summed from SA2 Census cells; small differences from published national totals can occur because Census cells are perturbed.
2021,couple,Couple families with children,4m,4+ children,5,400_499,$400-$499,872,98106,0.008888345259209427,Summed from SA2 Census cells; small differences from published national totals can occur because Census cells are perturbed.
2021,couple,Couple families with children,1,1 child,6,500_649,$500-$649,7719,995272,0.0077556688020963115,Summed from SA2 Census cells; small differences from published national totals can occur because Census cells are perturbed.
2021,couple,Couple families with children,2,2 children,6,500_649,$500-$649,5623,1152489,0.004879005352762586,Summed from SA2 Census cells; small differences from published national totals can occur because Census cells are perturbed.
2021,couple,Couple families with children,3,3 children,6,500_649,$500-$649,2105,397905,0.005290207461580025,Summed from SA2 Census cells; small differences from published national totals can occur because Census cells are perturbed.
2021,couple,Couple families with children,4m,4+ children,6,500_649,$500-$649,1319,98106,0.01344464151020325,Summed from SA2 Census cells; small differences from published national totals can occur because Census cells are perturbed.
2021,couple,Couple families with children,1,1 child,7,650_799,$650-$799,17887,995272,0.01797197148116294,Summed from SA2 Census cells; small differences from published national totals can occur because Census cells are perturbed.
2021,couple,Couple families with children,2,2 children,7,650_799,$650-$799,13062,1152489,0.011333730734089435,Summed from SA2 Census cells; small differences from published national totals can occur because Census cells are perturbed.
2021,couple,Couple families with children,3,3 children,7,650_799,$650-$799,5487,397905,0.01378972367776228,Summed from SA2 Census cells; small differences from published national totals can occur because Census cells are perturbed.
2021,couple,Couple families with children,4m,4+ children,7,650_799,$650-$799,2807,98106,0.02861190956720282,Summed from SA2 Census cells; small differences from published national totals can occur because Census cells are perturbed.
2021,couple,Couple families with children,1,1 child,8,800_999,$800-$999,26889,995272,0.027016735123664686,Summed from SA2 Census cells; small differences from published national totals can occur because Census cells are perturbed.
2021,couple,Couple families with children,2,2 children,8,800_999,$800-$999,19725,1152489,0.0171151308168668,Summed from SA2 Census cells; small differences from published national totals can occur because Census cells are perturbed.
2021,couple,Couple families with children,3,3 children,8,800_999,$800-$999,8189,397905,0.020580289265025573,Summed from SA2 Census cells; small differences from published national totals can occur because Census cells are perturbed.
2021,couple,Couple families with children,4m,4+ children,8,800_999,$800-$999,4203,98106,0.04284141642712984,Summed from SA2 Census cells; small differences from published national totals can occur because Census cells are perturbed.
2021,couple,Couple families with children,1,1 child,9,1000_1499,"$1,000-$1,499",116250,995272,0.11680224099542638,Summed from SA2 Census cells; small differences from published national totals can occur because Census cells are perturbed.
2021,couple,Couple families with children,2,2 children,9,1000_1499,"$1,000-$1,499",90228,1152489,0.07828968432670506,Summed from SA2 Census cells; small differences from published national totals can occur because Census cells are perturbed.
2021,couple,Couple families with children,3,3 children,9,1000_1499,"$1,000-$1,499",35822,397905,0.09002651386637514,Summed from SA2 Census cells; small differences from published national totals can occur because Census cells are perturbed.
2021,couple,Couple families with children,4m,4+ children,9,1000_1499,"$1,000-$1,499",16809,98106,0.1713350865390496,Summed from SA2 Census cells; small differences from published national totals can occur because Census cells are perturbed.
2021,couple,Couple families with children,1,1 child,10,1500_1999,"$1,500-$1,999",129580,995272,0.1301955646295686,Summed from SA2 Census cells; small differences from published national totals can occur because Census cells are perturbed.
2021,couple,Couple families with children,2,2 children,10,1500_1999,"$1,500-$1,999",124264,1152489,0.10782228724091944,Summed from SA2 Census cells; small differences from published national totals can occur because Census cells are perturbed.
2021,couple,Couple families with children,3,3 children,10,1500_1999,"$1,500-$1,999",45722,397905,0.11490682449328357,Summed from SA2 Census cells; small differences from published national totals can occur because Census cells are perturbed.
2021,couple,Couple families with children,4m,4+ children,10,1500_1999,"$1,500-$1,999",18410,98106,0.18765416997941003,Summed from SA2 Census cells; small differences from published national totals can occur because Census cells are perturbed.
2021,couple,Couple families with children,1,1 child,11,2000_2499,"$2,000-$2,499",159361,995272,0.16011803808406144,Summed from SA2 Census cells; small differences from published national totals can occur because Census cells are perturbed.
2021,couple,Couple families with children,2,2 children,11,2000_2499,"$2,000-$2,499",166357,1152489,0.14434584625102712,Summed from SA2 Census cells; small differences from published national totals can occur because Census cells are perturbed.
2021,couple,Couple families with children,3,3 children,11,2000_2499,"$2,000-$2,499",55783,397905,0.14019175431321546,Summed from SA2 Census cells; small differences from published national totals can occur because Census cells are perturbed.
2021,couple,Couple families with children,4m,4+ children,11,2000_2499,"$2,000-$2,499",18795,98106,0.19157849672802887,Summed from SA2 Census cells; small differences from published national totals can occur because Census cells are perturbed.
2021,couple,Couple families with children,1,1 child,12,2500_2999,"$2,500-$2,999",129586,995272,0.13020159313232965,Summed from SA2 Census cells; small differences from published national totals can occur because Census cells are perturbed.
2021,couple,Couple families with children,2,2 children,12,2500_2999,"$2,500-$2,999",150787,1152489,0.13083595591801744,Summed from SA2 Census cells; small differences from published national totals can occur because Census cells are perturbed.
2021,couple,Couple families with children,3,3 children,12,2500_2999,"$2,500-$2,999",48943,397905,0.12300172151644237,Summed from SA2 Census cells; small differences from published national totals can occur because Census cells are perturbed.
2021,couple,Couple families with children,4m,4+ children,12,2500_2999,"$2,500-$2,999",14565,98106,0.14846186777567122,Summed from SA2 Census cells; small differences from published national totals can occur because Census cells are perturbed.
2021,couple,Couple families with children,1,1 child,13,3000_3999,"$3,000-$3,999",186074,995272,0.1869579371267352,Summed from SA2 Census cells; small differences from published national totals can occur because Census cells are perturbed.
2021,couple,Couple families with children,2,2 children,13,3000_3999,"$3,000-$3,999",239776,1152489,0.20805057575386837,Summed from SA2 Census cells; small differences from published national totals can occur because Census cells are perturbed.
2021,couple,Couple families with children,3,3 children,13,3000_3999,"$3,000-$3,999",75730,397905,0.19032181048240157,Summed from SA2 Census cells; small differences from published national totals can occur because Census cells are perturbed.
2021,couple,Couple families with children,4m,4+ children,13,3000_3999,"$3,000-$3,999",19895,98106,0.20279085886693984,Summed from SA2 Census cells; small differences from published national totals can occur because Census cells are perturbed.
2021,couple,Couple families with children,1,1 child,14,4000more,"$4,000 or more",207123,995272,0.20810692956297375,Summed from SA2 Census cells; small differences from published national totals can occur because Census cells are perturbed.
2021,couple,Couple families with children,2,2 children,14,4000more,"$4,000 or more",332789,1152489,0.2887567690450842,Summed from SA2 Census cells; small differences from published national totals can occur because Census cells are perturbed.
2021,couple,Couple families with children,3,3 children,14,4000more,"$4,000 or more",116582,397905,0.29298953267739786,Summed from SA2 Census cells; small differences from published national totals can occur because Census cells are perturbed.
2021,couple,Couple families with children,4m,4+ children,14,4000more,"$4,000 or more",0,98106,0.0,Summed from SA2 Census cells; small differences from published national totals can occur because Census cells are perturbed.
2011,one_parent,One-parent families,1,1 child,1,negative_nil,Negative/Nil income,7291,453137,0.016090056649534248,Summed from SA2 Census cells; small differences from published national totals can occur because Census cells are perturbed.
2011,one_parent,One-parent families,2,2 children,1,negative_nil,Negative/Nil income,3039,226208,0.013434538124204273,Summed from SA2 Census cells; small differences from published national totals can occur because Census cells are perturbed.
2011,one_parent,One-parent families,3,3 children,1,negative_nil,Negative/Nil income,607,69912,0.00868234351756494,Summed from SA2 Census cells; small differences from published national totals can occur because Census cells are perturbed.
2011,one_parent,One-parent families,4m,4+ children,1,negative_nil,Negative/Nil income,187,24365,0.007674943566591422,Summed from SA2 Census cells; small differences from published national totals can occur because Census cells are perturbed.
2011,one_parent,One-parent families,1,1 child,2,1_149,$1-$149,6980,453137,0.015403729997771093,Summed from SA2 Census cells; small differences from published national totals can occur because Census cells are perturbed.
2011,one_parent,One-parent families,2,2 children,2,1_149,$1-$149,2753,226208,0.01217021502334135,Summed from SA2 Census cells; small differences from published national totals can occur because Census cells are perturbed.
2011,one_parent,One-parent families,3,3 children,2,1_149,$1-$149,478,69912,0.006837166723881451,Summed from SA2 Census cells; small differences from published national totals can occur because Census cells are perturbed.
2011,one_parent,One-parent families,4m,4+ children,2,1_149,$1-$149,55,24365,0.002257336343115124,Summed from SA2 Census cells; small differences from published national totals can occur because Census cells are perturbed.
2011,one_parent,One-parent families,1,1 child,3,150_299,$150-$299,21541,453137,0.04753749969655976,Summed from SA2 Census cells; small differences from published national totals can occur because Census cells are perturbed.
2011,one_parent,One-parent families,2,2 children,3,150_299,$150-$299,9805,226208,0.043345062950912436,Summed from SA2 Census cells; small differences from published national totals can occur because Census cells are perturbed.
2011,one_parent,One-parent families,3,3 children,3,150_299,$150-$299,2559,69912,0.03660315825609337,Summed from SA2 Census cells; small differences from published national totals can occur because Census cells are perturbed.
2011,one_parent,One-parent families,4m,4+ children,3,150_299,$150-$299,777,24365,0.031890006156371845,Summed from SA2 Census cells; small differences from published national totals can occur because Census cells are perturbed.
2011,one_parent,One-parent families,1,1 child,4,300_399,$300-$399,34706,453137,0.07659052339579421,Summed from SA2 Census cells; small differences from published national totals can occur because Census cells are perturbed.
2011,one_parent,One-parent families,2,2 children,4,300_399,$300-$399,15733,226208,0.06955103267788938,Summed from SA2 Census cells; small differences from published national totals can occur because Census cells are perturbed.
2011,one_parent,One-parent families,3,3 children,4,300_399,$300-$399,4801,69912,0.06867204485639089,Summed from SA2 Census cells; small differences from published national totals can occur because Census cells are perturbed.
2011,one_parent,One-parent families,4m,4+ children,4,300_399,$300-$399,1477,24365,0.060619741432382516,Summed from SA2 Census cells; small differences from published national totals can occur because Census cells are perturbed.
2011,one_parent,One-parent families,1,1 child,5,400_499,$400-$499,54084,453137,0.11935463226353178,Summed from SA2 Census cells; small differences from published national totals can occur because Census cells are perturbed.
2011,one_parent,One-parent families,2,2 children,5,400_499,$400-$499,38708,226208,0.17111684821049652,Summed from SA2 Census cells; small differences from published national totals can occur because Census cells are perturbed.
2011,one_parent,One-parent families,3,3 children,5,400_499,$400-$499,13270,69912,0.18981004691612313,Summed from SA2 Census cells; small differences from published national totals can occur because Census cells are perturbed.
2011,one_parent,One-parent families,4m,4+ children,5,400_499,$400-$499,4013,24365,0.16470346808947262,Summed from SA2 Census cells; small differences from published national totals can occur because Census cells are perturbed.
2011,one_parent,One-parent families,1,1 child,6,500_649,$500-$649,25946,453137,0.05725862156478063,Summed from SA2 Census cells; small differences from published national totals can occur because Census cells are perturbed.
2011,one_parent,One-parent families,2,2 children,6,500_649,$500-$649,8719,226208,0.03854417173574763,Summed from SA2 Census cells; small differences from published national totals can occur because Census cells are perturbed.
2011,one_parent,One-parent families,3,3 children,6,500_649,$500-$649,3180,69912,0.04548575351870923,Summed from SA2 Census cells; small differences from published national totals can occur because Census cells are perturbed.
2011,one_parent,One-parent families,4m,4+ children,6,500_649,$500-$649,1410,24365,0.057869895341678634,Summed from SA2 Census cells; small differences from published national totals can occur because Census cells are perturbed.
2011,one_parent,One-parent families,1,1 child,7,650_799,$650-$799,64870,453137,0.14315758810249438,Summed from SA2 Census cells; small differences from published national totals can occur because Census cells are perturbed.
2011,one_parent,One-parent families,2,2 children,7,650_799,$650-$799,30748,226208,0.13592799547319281,Summed from SA2 Census cells; small differences from published national totals can occur because Census cells are perturbed.
2011,one_parent,One-parent families,3,3 children,7,650_799,$650-$799,13201,69912,0.18882309188694357,Summed from SA2 Census cells; small differences from published national totals can occur because Census cells are perturbed.
2011,one_parent,One-parent families,4m,4+ children,7,650_799,$650-$799,6398,24365,0.2625897804227375,Summed from SA2 Census cells; small differences from published national totals can occur because Census cells are perturbed.
2011,one_parent,One-parent families,1,1 child,8,800_999,$800-$999,56794,453137,0.12533516353773805,Summed from SA2 Census cells; small differences from published national totals can occur because Census cells are perturbed.
2011,one_parent,One-parent families,2,2 children,8,800_999,$800-$999,24457,226208,0.1081173079643514,Summed from SA2 Census cells; small differences from published national totals can occur because Census cells are perturbed.
2011,one_parent,One-parent families,3,3 children,8,800_999,$800-$999,7738,69912,0.11068200022885914,Summed from SA2 Census cells; small differences from published national totals can occur because Census cells are perturbed.
2011,one_parent,One-parent families,4m,4+ children,8,800_999,$800-$999,3319,24365,0.13621998768725632,Summed from SA2 Census cells; small differences from published national totals can occur because Census cells are perturbed.
2011,one_parent,One-parent families,1,1 child,9,1000_1499,"$1,000-$1,499",94223,453137,0.20793490710314982,Summed from SA2 Census cells; small differences from published national totals can occur because Census cells are perturbed.
2011,one_parent,One-parent families,2,2 children,9,1000_1499,"$1,000-$1,499",43552,226208,0.19253076814259443,Summed from SA2 Census cells; small differences from published national totals can occur because Census cells are perturbed.
2011,one_parent,One-parent families,3,3 children,9,1000_1499,"$1,000-$1,499",12291,69912,0.1758067284586337,Summed from SA2 Census cells; small differences from published national totals can occur because Census cells are perturbed.
2011,one_parent,One-parent families,4m,4+ children,9,1000_1499,"$1,000-$1,499",4309,24365,0.17685204186332854,Summed from SA2 Census cells; small differences from published national totals can occur because Census cells are perturbed.
2011,one_parent,One-parent families,1,1 child,10,1500_1999,"$1,500-$1,999",44108,453137,0.09733921529250536,Summed from SA2 Census cells; small differences from published national totals can occur because Census cells are perturbed.
2011,one_parent,One-parent families,2,2 children,10,1500_1999,"$1,500-$1,999",23671,226208,0.1046426297920498,Summed from SA2 Census cells; small differences from published national totals can occur because Census cells are perturbed.
2011,one_parent,One-parent families,3,3 children,10,1500_1999,"$1,500-$1,999",6149,69912,0.08795342716557959,Summed from SA2 Census cells; small differences from published national totals can occur because Census cells are perturbed.
2011,one_parent,One-parent families,4m,4+ children,10,1500_1999,"$1,500-$1,999",1480,24365,0.0607428688692797,Summed from SA2 Census cells; small differences from published national totals can occur because Census cells are perturbed.
2011,one_parent,One-parent families,1,1 child,11,2000_2499,"$2,000-$2,499",19684,453137,0.04343940132895791,Summed from SA2 Census cells; small differences from published national totals can occur because Census cells are perturbed.
2011,one_parent,One-parent families,2,2 children,11,2000_2499,"$2,000-$2,499",9530,226208,0.04212936766162116,Summed from SA2 Census cells; small differences from published national totals can occur because Census cells are perturbed.
2011,one_parent,One-parent families,3,3 children,11,2000_2499,"$2,000-$2,499",2275,69912,0.032540908570774685,Summed from SA2 Census cells; small differences from published national totals can occur because Census cells are perturbed.
2011,one_parent,One-parent families,4m,4+ children,11,2000_2499,"$2,000-$2,499",442,24365,0.01814077570285245,Summed from SA2 Census cells; small differences from published national totals can occur because Census cells are perturbed.
2011,one_parent,One-parent families,1,1 child,12,2500_2999,"$2,500-$2,999",16031,453137,0.03537782171837656,Summed from SA2 Census cells; small differences from published national totals can occur because Census cells are perturbed.
2011,one_parent,One-parent families,2,2 children,12,2500_2999,"$2,500-$2,999",10840,226208,0.0479204979487905,Summed from SA2 Census cells; small differences from published national totals can occur because Census cells are perturbed.
2011,one_parent,One-parent families,3,3 children,12,2500_2999,"$2,500-$2,999",2273,69912,0.03251230117862456,Summed from SA2 Census cells; small differences from published national totals can occur because Census cells are perturbed.
2011,one_parent,One-parent families,4m,4+ children,12,2500_2999,"$2,500-$2,999",328,24365,0.013461933100759285,Summed from SA2 Census cells; small differences from published national totals can occur because Census cells are perturbed.
2011,one_parent,One-parent families,1,1 child,13,3000_3999,"$3,000-$3,999",6243,453137,0.01377729031176002,Summed from SA2 Census cells; small differences from published national totals can occur because Census cells are perturbed.
2011,one_parent,One-parent families,2,2 children,13,3000_3999,"$3,000-$3,999",3821,226208,0.01689153345593436,Summed from SA2 Census cells; small differences from published national totals can occur because Census cells are perturbed.
2011,one_parent,One-parent families,3,3 children,13,3000_3999,"$3,000-$3,999",885,69912,0.01265877102643323,Summed from SA2 Census cells; small differences from published national totals can occur because Census cells are perturbed.
2011,one_parent,One-parent families,4m,4+ children,13,3000_3999,"$3,000-$3,999",131,24365,0.005376564744510568,Summed from SA2 Census cells; small differences from published national totals can occur because Census cells are perturbed.
2011,one_parent,One-parent families,1,1 child,14,4000more,"$4,000 or more",636,453137,0.0014035490370461912,Summed from SA2 Census cells; small differences from published national totals can occur because Census cells are perturbed.
2011,one_parent,One-parent families,2,2 children,14,4000more,"$4,000 or more",832,226208,0.0036780308388739565,Summed from SA2 Census cells; small differences from published national totals can occur because Census cells are perturbed.
2011,one_parent,One-parent families,3,3 children,14,4000more,"$4,000 or more",205,69912,0.0029322576953884883,Summed from SA2 Census cells; small differences from published national totals can occur because Census cells are perturbed.
2011,one_parent,One-parent families,4m,4+ children,14,4000more,"$4,000 or more",39,24365,0.0016006566796634516,Summed from SA2 Census cells; small differences from published national totals can occur because Census cells are perturbed.
2016,one_parent,One-parent families,1,1 child,1,negative_nil,Negative/Nil income,10574,485035,0.02180048862453225,Summed from SA2 Census cells; small differences from published national totals can occur because Census cells are perturbed.
2016,one_parent,One-parent families,2,2 children,1,negative_nil,Negative/Nil income,5078,245700,0.020667480667480666,Summed from SA2 Census cells; small differences from published national totals can occur because Census cells are perturbed.
2016,one_parent,One-parent families,3,3 children,1,negative_nil,Negative/Nil income,1270,74689,0.017003842600650697,Summed from SA2 Census cells; small differences from published national totals can occur because Census cells are perturbed.
2016,one_parent,One-parent families,4m,4+ children,1,negative_nil,Negative/Nil income,484,26501,0.018263461756160147,Summed from SA2 Census cells; small differences from published national totals can occur because Census cells are perturbed.
2016,one_parent,One-parent families,1,1 child,2,1_149,$1-$149,4867,485035,0.010034327419670745,Summed from SA2 Census cells; small differences from published national totals can occur because Census cells are perturbed.
2016,one_parent,One-parent families,2,2 children,2,1_149,$1-$149,1764,245700,0.0071794871794871795,Summed from SA2 Census cells; small differences from published national totals can occur because Census cells are perturbed.
2016,one_parent,One-parent families,3,3 children,2,1_149,$1-$149,302,74689,0.004043433437320087,Summed from SA2 Census cells; small differences from published national totals can occur because Census cells are perturbed.
2016,one_parent,One-parent families,4m,4+ children,2,1_149,$1-$149,92,26501,0.003471567110675069,Summed from SA2 Census cells; small differences from published national totals can occur because Census cells are perturbed.
2016,one_parent,One-parent families,1,1 child,3,150_299,$150-$299,16266,485035,0.03353572422608678,Summed from SA2 Census cells; small differences from published national totals can occur because Census cells are perturbed.
2016,one_parent,One-parent families,2,2 children,3,150_299,$150-$299,7413,245700,0.030170940170940172,Summed from SA2 Census cells; small differences from published national totals can occur because Census cells are perturbed.
2016,one_parent,One-parent families,3,3 children,3,150_299,$150-$299,1702,74689,0.022787826855360228,Summed from SA2 Census cells; small differences from published national totals can occur because Census cells are perturbed.
2016,one_parent,One-parent families,4m,4+ children,3,150_299,$150-$299,530,26501,0.01999924531149768,Summed from SA2 Census cells; small differences from published national totals can occur because Census cells are perturbed.
2016,one_parent,One-parent families,1,1 child,4,300_399,$300-$399,18500,485035,0.03814157741193935,Summed from SA2 Census cells; small differences from published national totals can occur because Census cells are perturbed.
2016,one_parent,One-parent families,2,2 children,4,300_399,$300-$399,10459,245700,0.042568172568172566,Summed from SA2 Census cells; small differences from published national totals can occur because Census cells are perturbed.
2016,one_parent,One-parent families,3,3 children,4,300_399,$300-$399,3054,74689,0.040889555356210416,Summed from SA2 Census cells; small differences from published national totals can occur because Census cells are perturbed.
2016,one_parent,One-parent families,4m,4+ children,4,300_399,$300-$399,953,26501,0.03596090713557979,Summed from SA2 Census cells; small differences from published national totals can occur because Census cells are perturbed.
2016,one_parent,One-parent families,1,1 child,5,400_499,$400-$499,33880,485035,0.0698506293360273,Summed from SA2 Census cells; small differences from published national totals can occur because Census cells are perturbed.
2016,one_parent,One-parent families,2,2 children,5,400_499,$400-$499,15290,245700,0.062230362230362234,Summed from SA2 Census cells; small differences from published national totals can occur because Census cells are perturbed.
2016,one_parent,One-parent families,3,3 children,5,400_499,$400-$499,4510,74689,0.06038372451097217,Summed from SA2 Census cells; small differences from published national totals can occur because Census cells are perturbed.
2016,one_parent,One-parent families,4m,4+ children,5,400_499,$400-$499,1447,26501,0.05460171314290027,Summed from SA2 Census cells; small differences from published national totals can occur because Census cells are perturbed.
2016,one_parent,One-parent families,1,1 child,6,500_649,$500-$649,47179,485035,0.09726926922799385,Summed from SA2 Census cells; small differences from published national totals can occur because Census cells are perturbed.
2016,one_parent,One-parent families,2,2 children,6,500_649,$500-$649,31162,245700,0.12682946682946683,Summed from SA2 Census cells; small differences from published national totals can occur because Census cells are perturbed.
2016,one_parent,One-parent families,3,3 children,6,500_649,$500-$649,10373,74689,0.13888256637523597,Summed from SA2 Census cells; small differences from published national totals can occur because Census cells are perturbed.
2016,one_parent,One-parent families,4m,4+ children,6,500_649,$500-$649,3411,26501,0.12871212407078977,Summed from SA2 Census cells; small differences from published national totals can occur because Census cells are perturbed.
2016,one_parent,One-parent families,1,1 child,7,650_799,$650-$799,53083,485035,0.10944158668962034,Summed from SA2 Census cells; small differences from published national totals can occur because Census cells are perturbed.
2016,one_parent,One-parent families,2,2 children,7,650_799,$650-$799,26975,245700,0.10978835978835978,Summed from SA2 Census cells; small differences from published national totals can occur because Census cells are perturbed.
2016,one_parent,One-parent families,3,3 children,7,650_799,$650-$799,12088,74689,0.16184444831233516,Summed from SA2 Census cells; small differences from published national totals can occur because Census cells are perturbed.
2016,one_parent,One-parent families,4m,4+ children,7,650_799,$650-$799,4663,26501,0.17595562431606354,Summed from SA2 Census cells; small differences from published national totals can occur because Census cells are perturbed.
2016,one_parent,One-parent families,1,1 child,8,800_999,$800-$999,61189,485035,0.12615378271671115,Summed from SA2 Census cells; small differences from published national totals can occur because Census cells are perturbed.
2016,one_parent,One-parent families,2,2 children,8,800_999,$800-$999,25566,245700,0.10405372405372405,Summed from SA2 Census cells; small differences from published national totals can occur because Census cells are perturbed.
2016,one_parent,One-parent families,3,3 children,8,800_999,$800-$999,8995,74689,0.12043272771090789,Summed from SA2 Census cells; small differences from published national totals can occur because Census cells are perturbed.
2016,one_parent,One-parent families,4m,4+ children,8,800_999,$800-$999,4575,26501,0.1726349949058526,Summed from SA2 Census cells; small differences from published national totals can occur because Census cells are perturbed.
2016,one_parent,One-parent families,1,1 child,9,1000_1499,"$1,000-$1,499",110886,485035,0.22861442988650305,Summed from SA2 Census cells; small differences from published national totals can occur because Census cells are perturbed.
2016,one_parent,One-parent families,2,2 children,9,1000_1499,"$1,000-$1,499",50347,245700,0.2049124949124949,Summed from SA2 Census cells; small differences from published national totals can occur because Census cells are perturbed.
2016,one_parent,One-parent families,3,3 children,9,1000_1499,"$1,000-$1,499",14845,74689,0.19875751449343276,Summed from SA2 Census cells; small differences from published national totals can occur because Census cells are perturbed.
2016,one_parent,One-parent families,4m,4+ children,9,1000_1499,"$1,000-$1,499",5960,26501,0.22489717369155882,Summed from SA2 Census cells; small differences from published national totals can occur because Census cells are perturbed.
2016,one_parent,One-parent families,1,1 child,10,1500_1999,"$1,500-$1,999",61574,485035,0.12694753986825694,Summed from SA2 Census cells; small differences from published national totals can occur because Census cells are perturbed.
2016,one_parent,One-parent families,2,2 children,10,1500_1999,"$1,500-$1,999",31165,245700,0.12684167684167685,Summed from SA2 Census cells; small differences from published national totals can occur because Census cells are perturbed.
2016,one_parent,One-parent families,3,3 children,10,1500_1999,"$1,500-$1,999",8192,74689,0.10968147920041774,Summed from SA2 Census cells; small differences from published national totals can occur because Census cells are perturbed.
2016,one_parent,One-parent families,4m,4+ children,10,1500_1999,"$1,500-$1,999",2343,26501,0.08841175804686616,Summed from SA2 Census cells; small differences from published national totals can occur because Census cells are perturbed.
2016,one_parent,One-parent families,1,1 child,11,2000_2499,"$2,000-$2,499",36359,485035,0.07496160070922717,Summed from SA2 Census cells; small differences from published national totals can occur because Census cells are perturbed.
2016,one_parent,One-parent families,2,2 children,11,2000_2499,"$2,000-$2,499",19819,245700,0.08066341066341066,Summed from SA2 Census cells; small differences from published national totals can occur because Census cells are perturbed.
2016,one_parent,One-parent families,3,3 children,11,2000_2499,"$2,000-$2,499",4532,74689,0.06067827926468422,Summed from SA2 Census cells; small differences from published national totals can occur because Census cells are perturbed.
2016,one_parent,One-parent families,4m,4+ children,11,2000_2499,"$2,000-$2,499",1053,26501,0.03973434964718312,Summed from SA2 Census cells; small differences from published national totals can occur because Census cells are perturbed.
2016,one_parent,One-parent families,1,1 child,12,2500_2999,"$2,500-$2,999",14049,485035,0.028964920057315453,Summed from SA2 Census cells; small differences from published national totals can occur because Census cells are perturbed.
2016,one_parent,One-parent families,2,2 children,12,2500_2999,"$2,500-$2,999",7963,245700,0.03240944240944241,Summed from SA2 Census cells; small differences from published national totals can occur because Census cells are perturbed.
2016,one_parent,One-parent families,3,3 children,12,2500_2999,"$2,500-$2,999",1686,74689,0.02257360521629691,Summed from SA2 Census cells; small differences from published national totals can occur because Census cells are perturbed.
2016,one_parent,One-parent families,4m,4+ children,12,2500_2999,"$2,500-$2,999",290,26501,0.010942983283649673,Summed from SA2 Census cells; small differences from published national totals can occur because Census cells are perturbed.
2016,one_parent,One-parent families,1,1 child,13,3000_3999,"$3,000-$3,999",10609,485035,0.021872648365581865,Summed from SA2 Census cells; small differences from published national totals can occur because Census cells are perturbed.
2016,one_parent,One-parent families,2,2 children,13,3000_3999,"$3,000-$3,999",9121,245700,0.03712250712250712,Summed from SA2 Census cells; small differences from published national totals can occur because Census cells are perturbed.
2016,one_parent,One-parent families,3,3 children,13,3000_3999,"$3,000-$3,999",2166,74689,0.029000254388196388,Summed from SA2 Census cells; small differences from published national totals can occur because Census cells are perturbed.
2016,one_parent,One-parent families,4m,4+ children,13,3000_3999,"$3,000-$3,999",509,26501,0.01920682238406098,Summed from SA2 Census cells; small differences from published national totals can occur because Census cells are perturbed.
2016,one_parent,One-parent families,1,1 child,14,4000more,"$4,000 or more",6020,485035,0.012411475460533776,Summed from SA2 Census cells; small differences from published national totals can occur because Census cells are perturbed.
2016,one_parent,One-parent families,2,2 children,14,4000more,"$4,000 or more",3578,245700,0.014562474562474562,Summed from SA2 Census cells; small differences from published national totals can occur because Census cells are perturbed.
2016,one_parent,One-parent families,3,3 children,14,4000more,"$4,000 or more",974,74689,0.013040742277979354,Summed from SA2 Census cells; small differences from published national totals can occur because Census cells are perturbed.
2016,one_parent,One-parent families,4m,4+ children,14,4000more,"$4,000 or more",191,26501,0.0072072751971623715,Summed from SA2 Census cells; small differences from published national totals can occur because Census cells are perturbed.
2021,one_parent,One-parent families,1,1 child,1,negative_nil,Negative/Nil income,12312,559591,0.022001783445409238,Summed from SA2 Census cells; small differences from published national totals can occur because Census cells are perturbed.
2021,one_parent,One-parent families,2,2 children,1,negative_nil,Negative/Nil income,5305,284710,0.018632994977345368,Summed from SA2 Census cells; small differences from published national totals can occur because Census cells are perturbed.
2021,one_parent,One-parent families,3,3 children,1,negative_nil,Negative/Nil income,1246,86015,0.014485845492065337,Summed from SA2 Census cells; small differences from published national totals can occur because Census cells are perturbed.
2021,one_parent,One-parent families,4m,4+ children,1,negative_nil,Negative/Nil income,524,29957,0.017491738158026505,Summed from SA2 Census cells; small differences from published national totals can occur because Census cells are perturbed.
2021,one_parent,One-parent families,1,1 child,2,1_149,$1-$149,3241,559591,0.005791730031397931,Summed from SA2 Census cells; small differences from published national totals can occur because Census cells are perturbed.
2021,one_parent,One-parent families,2,2 children,2,1_149,$1-$149,953,284710,0.003347265638720101,Summed from SA2 Census cells; small differences from published national totals can occur because Census cells are perturbed.
2021,one_parent,One-parent families,3,3 children,2,1_149,$1-$149,151,86015,0.0017555077602743707,Summed from SA2 Census cells; small differences from published national totals can occur because Census cells are perturbed.
2021,one_parent,One-parent families,4m,4+ children,2,1_149,$1-$149,25,29957,0.0008345294922722569,Summed from SA2 Census cells; small differences from published national totals can occur because Census cells are perturbed.
2021,one_parent,One-parent families,1,1 child,3,150_299,$150-$299,8554,559591,0.015286164359326723,Summed from SA2 Census cells; small differences from published national totals can occur because Census cells are perturbed.
2021,one_parent,One-parent families,2,2 children,3,150_299,$150-$299,3331,284710,0.011699624178989147,Summed from SA2 Census cells; small differences from published national totals can occur because Census cells are perturbed.
2021,one_parent,One-parent families,3,3 children,3,150_299,$150-$299,613,86015,0.007126663953961518,Summed from SA2 Census cells; small differences from published national totals can occur because Census cells are perturbed.
2021,one_parent,One-parent families,4m,4+ children,3,150_299,$150-$299,183,29957,0.00610875588343292,Summed from SA2 Census cells; small differences from published national totals can occur because Census cells are perturbed.
2021,one_parent,One-parent families,1,1 child,4,300_399,$300-$399,14051,559591,0.025109410265711923,Summed from SA2 Census cells; small differences from published national totals can occur because Census cells are perturbed.
2021,one_parent,One-parent families,2,2 children,4,300_399,$300-$399,6523,284710,0.02291103227845878,Summed from SA2 Census cells; small differences from published national totals can occur because Census cells are perturbed.
2021,one_parent,One-parent families,3,3 children,4,300_399,$300-$399,1693,86015,0.01968261349764576,Summed from SA2 Census cells; small differences from published national totals can occur because Census cells are perturbed.
2021,one_parent,One-parent families,4m,4+ children,4,300_399,$300-$399,451,29957,0.015054912040591515,Summed from SA2 Census cells; small differences from published national totals can occur because Census cells are perturbed.
2021,one_parent,One-parent families,1,1 child,5,400_499,$400-$499,25687,559591,0.045903168564183486,Summed from SA2 Census cells; small differences from published national totals can occur because Census cells are perturbed.
2021,one_parent,One-parent families,2,2 children,5,400_499,$400-$499,11787,284710,0.04140002107407537,Summed from SA2 Census cells; small differences from published national totals can occur because Census cells are perturbed.
2021,one_parent,One-parent families,3,3 children,5,400_499,$400-$499,3767,86015,0.04379468697320235,Summed from SA2 Census cells; small differences from published national totals can occur because Census cells are perturbed.
2021,one_parent,One-parent families,4m,4+ children,5,400_499,$400-$499,1087,29957,0.03628534232399773,Summed from SA2 Census cells; small differences from published national totals can occur because Census cells are perturbed.
2021,one_parent,One-parent families,1,1 child,6,500_649,$500-$649,39218,559591,0.07008332871686643,Summed from SA2 Census cells; small differences from published national totals can occur because Census cells are perturbed.
2021,one_parent,One-parent families,2,2 children,6,500_649,$500-$649,22637,284710,0.07950897404376384,Summed from SA2 Census cells; small differences from published national totals can occur because Census cells are perturbed.
2021,one_parent,One-parent families,3,3 children,6,500_649,$500-$649,7480,86015,0.08696157646922048,Summed from SA2 Census cells; small differences from published national totals can occur because Census cells are perturbed.
2021,one_parent,One-parent families,4m,4+ children,6,500_649,$500-$649,2550,29957,0.0851220082117702,Summed from SA2 Census cells; small differences from published national totals can occur because Census cells are perturbed.
2021,one_parent,One-parent families,1,1 child,7,650_799,$650-$799,44727,559591,0.07992801885662922,Summed from SA2 Census cells; small differences from published national totals can occur because Census cells are perturbed.
2021,one_parent,One-parent families,2,2 children,7,650_799,$650-$799,26353,284710,0.09256085139264515,Summed from SA2 Census cells; small differences from published national totals can occur because Census cells are perturbed.
2021,one_parent,One-parent families,3,3 children,7,650_799,$650-$799,10131,86015,0.11778178224728245,Summed from SA2 Census cells; small differences from published national totals can occur because Census cells are perturbed.
2021,one_parent,One-parent families,4m,4+ children,7,650_799,$650-$799,3733,29957,0.1246119437860934,Summed from SA2 Census cells; small differences from published national totals can occur because Census cells are perturbed.
2021,one_parent,One-parent families,1,1 child,8,800_999,$800-$999,67869,559591,0.1212832229253151,Summed from SA2 Census cells; small differences from published national totals can occur because Census cells are perturbed.
2021,one_parent,One-parent families,2,2 children,8,800_999,$800-$999,26638,284710,0.09356186997295493,Summed from SA2 Census cells; small differences from published national totals can occur because Census cells are perturbed.
2021,one_parent,One-parent families,3,3 children,8,800_999,$800-$999,9994,86015,0.1161890367959077,Summed from SA2 Census cells; small differences from published national totals can occur because Census cells are perturbed.
2021,one_parent,One-parent families,4m,4+ children,8,800_999,$800-$999,4815,29957,0.1607303802116367,Summed from SA2 Census cells; small differences from published national totals can occur because Census cells are perturbed.
2021,one_parent,One-parent families,1,1 child,9,1000_1499,"$1,000-$1,499",134413,559591,0.24019864508185443,Summed from SA2 Census cells; small differences from published national totals can occur because Census cells are perturbed.
2021,one_parent,One-parent families,2,2 children,9,1000_1499,"$1,000-$1,499",59737,284710,0.20981700677882759,Summed from SA2 Census cells; small differences from published national totals can occur because Census cells are perturbed.
2021,one_parent,One-parent families,3,3 children,9,1000_1499,"$1,000-$1,499",18877,86015,0.21946172179271056,Summed from SA2 Census cells; small differences from published national totals can occur because Census cells are perturbed.
2021,one_parent,One-parent families,4m,4+ children,9,1000_1499,"$1,000-$1,499",7667,29957,0.25593350469005577,Summed from SA2 Census cells; small differences from published national totals can occur because Census cells are perturbed.
2021,one_parent,One-parent families,1,1 child,10,1500_1999,"$1,500-$1,999",83482,559591,0.14918395756901023,Summed from SA2 Census cells; small differences from published national totals can occur because Census cells are perturbed.
2021,one_parent,One-parent families,2,2 children,10,1500_1999,"$1,500-$1,999",42930,284710,0.15078500930771663,Summed from SA2 Census cells; small differences from published national totals can occur because Census cells are perturbed.
2021,one_parent,One-parent families,3,3 children,10,1500_1999,"$1,500-$1,999",11765,86015,0.13677846887170841,Summed from SA2 Census cells; small differences from published national totals can occur because Census cells are perturbed.
2021,one_parent,One-parent families,4m,4+ children,10,1500_1999,"$1,500-$1,999",3759,29957,0.12547985445805654,Summed from SA2 Census cells; small differences from published national totals can occur because Census cells are perturbed.
2021,one_parent,One-parent families,1,1 child,11,2000_2499,"$2,000-$2,499",61382,559591,0.10969082776527857,Summed from SA2 Census cells; small differences from published national totals can occur because Census cells are perturbed.
2021,one_parent,One-parent families,2,2 children,11,2000_2499,"$2,000-$2,499",33999,284710,0.11941624811211408,Summed from SA2 Census cells; small differences from published national totals can occur because Census cells are perturbed.
2021,one_parent,One-parent families,3,3 children,11,2000_2499,"$2,000-$2,499",8553,86015,0.09943614485845492,Summed from SA2 Census cells; small differences from published national totals can occur because Census cells are perturbed.
2021,one_parent,One-parent families,4m,4+ children,11,2000_2499,"$2,000-$2,499",2333,29957,0.07787829221884701,Summed from SA2 Census cells; small differences from published national totals can occur because Census cells are perturbed.
2021,one_parent,One-parent families,1,1 child,12,2500_2999,"$2,500-$2,999",26724,559591,0.04775630773189705,Summed from SA2 Census cells; small differences from published national totals can occur because Census cells are perturbed.
2021,one_parent,One-parent families,2,2 children,12,2500_2999,"$2,500-$2,999",14014,284710,0.04922201538407502,Summed from SA2 Census cells; small differences from published national totals can occur because Census cells are perturbed.
2021,one_parent,One-parent families,3,3 children,12,2500_2999,"$2,500-$2,999",3534,86015,0.041085857117944546,Summed from SA2 Census cells; small differences from published national totals can occur because Census cells are perturbed.
2021,one_parent,One-parent families,4m,4+ children,12,2500_2999,"$2,500-$2,999",960,29957,0.032045932503254666,Summed from SA2 Census cells; small differences from published national totals can occur because Census cells are perturbed.
2021,one_parent,One-parent families,1,1 child,13,3000_3999,"$3,000-$3,999",21085,559591,0.03767930506387701,Summed from SA2 Census cells; small differences from published national totals can occur because Census cells are perturbed.
2021,one_parent,One-parent families,2,2 children,13,3000_3999,"$3,000-$3,999",16457,284710,0.05780267640757262,Summed from SA2 Census cells; small differences from published national totals can occur because Census cells are perturbed.
2021,one_parent,One-parent families,3,3 children,13,3000_3999,"$3,000-$3,999",4276,86015,0.049712259489623906,Summed from SA2 Census cells; small differences from published national totals can occur because Census cells are perturbed.
2021,one_parent,One-parent families,4m,4+ children,13,3000_3999,"$3,000-$3,999",1047,29957,0.034950095136362117,Summed from SA2 Census cells; small differences from published national totals can occur because Census cells are perturbed.
2021,one_parent,One-parent families,1,1 child,14,4000more,"$4,000 or more",16846,559591,0.03010412962324269,Summed from SA2 Census cells; small differences from published national totals can occur because Census cells are perturbed.
2021,one_parent,One-parent families,2,2 children,14,4000more,"$4,000 or more",14046,284710,0.04933441045274139,Summed from SA2 Census cells; small differences from published national totals can occur because Census cells are perturbed.
2021,one_parent,One-parent families,3,3 children,14,4000more,"$4,000 or more",3935,86015,0.04574783467999768,Summed from SA2 Census cells; small differences from published national totals can occur because Census cells are perturbed.
2021,one_parent,One-parent families,4m,4+ children,14,4000more,"$4,000 or more",823,29957,0.027472710885602696,Summed from SA2 Census cells; small differences from published national totals can occur because Census cells are perturbed.
